dataset,train_fraction,architecture,corpus,embedding,entity_f1_random,entity_f1_frozen,entity_f1_fine_tuned,entity_f1_gain_frozen,entity_f1_gain_fine_tuned,sentence_exact_match_random,sentence_exact_match_frozen,sentence_exact_match_fine_tuned,sentence_exact_gain_frozen,sentence_exact_gain_fine_tuned
EMEA,0.7,CNN,MED,cbow,0.3708320349018386,0.32879818594104304,0.2997097242380261,-0.04203384896079554,-0.07112231066381247,0.05436893203883495,0.04660194174757282,0.040776699029126215,-0.007766990291262134,-0.013592233009708736
EMEA,0.7,CNN,MED,fasttext,0.3708320349018386,0.2899069434502506,0.3212877792378449,-0.080925091451588,-0.049544255663993675,0.05436893203883495,0.015533980582524271,0.031067961165048542,-0.038834951456310676,-0.02330097087378641
EMEA,0.7,CNN,MED,skipgram,0.3708320349018386,0.2906832298136646,0.37697307335190344,-0.08014880508817396,0.006141038450064862,0.05436893203883495,0.017475728155339806,0.04854368932038835,-0.036893203883495145,-0.005825242718446602
EMEA,0.7,CNN,PRESS,cbow,0.3708320349018386,0.35312598177819665,0.3742690058479532,-0.01770605312364193,0.0034369709461146147,0.05436893203883495,0.05242718446601942,0.05825242718446602,-0.0019417475728155317,0.0038834951456310704
EMEA,0.7,CNN,PRESS,fasttext,0.3708320349018386,0.27219369038884816,0.2881296231067278,-0.09863834451299042,-0.08270241179511079,0.05436893203883495,0.02330097087378641,0.02524271844660194,-0.031067961165048542,-0.02912621359223301
EMEA,0.7,CNN,PRESS,skipgram,0.3708320349018386,0.3063583815028902,0.3466666666666666,-0.0644736533989484,-0.024165368235171958,0.05436893203883495,0.019417475728155338,0.05436893203883495,-0.03495145631067961,0.0
EMEA,0.7,LSTM,MED,cbow,0.0,0.35325721961047685,0.3490886623416744,0.35325721961047685,0.3490886623416744,0.0,0.038834951456310676,0.04466019417475728,0.038834951456310676,0.04466019417475728
EMEA,0.7,LSTM,MED,fasttext,0.0,0.34248366013071896,0.32977303070761016,0.34248366013071896,0.32977303070761016,0.0,0.04660194174757282,0.04660194174757282,0.04660194174757282,0.04660194174757282
EMEA,0.7,LSTM,MED,skipgram,0.0,0.0,0.0,0.0,0.0,0.0,0.0,0.0,0.0,0.0
EMEA,0.7,LSTM,PRESS,cbow,0.0,0.38873914345612454,0.3866896156052783,0.38873914345612454,0.3866896156052783,0.0,0.05825242718446602,0.062135922330097085,0.05825242718446602,0.062135922330097085
EMEA,0.7,LSTM,PRESS,fasttext,0.0,0.3253618628067967,0.32779097387173395,0.3253618628067967,0.32779097387173395,0.0,0.05825242718446602,0.04854368932038835,0.05825242718446602,0.04854368932038835
EMEA,0.7,LSTM,PRESS,skipgram,0.0,0.0,0.0,0.0,0.0,0.0,0.0,0.0,0.0,0.0
EMEA,0.85,CNN,MED,cbow,0.3753572562718323,0.34088377274415144,0.3864902506963788,-0.03447348352768087,0.011132994424546516,0.06796116504854369,0.05242718446601942,0.06407766990291262,-0.015533980582524268,-0.0038834951456310635
EMEA,0.85,CNN,MED,fasttext,0.3753572562718323,0.3024079320113314,0.33483001924310457,-0.07294932426050088,-0.040527237028727736,0.06796116504854369,0.02912621359223301,0.02912621359223301,-0.038834951456310676,-0.038834951456310676
EMEA,0.85,CNN,MED,skipgram,0.3753572562718323,0.2857142857142857,0.3742138364779874,-0.08964297055754661,-0.001143419793844913,0.06796116504854369,0.02330097087378641,0.04854368932038835,-0.04466019417475728,-0.019417475728155338
EMEA,0.85,CNN,PRESS,cbow,0.3753572562718323,0.37128874388254485,0.38429353073704536,-0.00406851238928746,0.008936274465213057,0.06796116504854369,0.05242718446601942,0.06796116504854369,-0.015533980582524268,0.0
EMEA,0.85,CNN,PRESS,fasttext,0.3753572562718323,0.27835820895522384,0.3205645161290322,-0.09699904731660847,-0.05479274014280011,0.06796116504854369,0.015533980582524271,0.02912621359223301,-0.05242718446601942,-0.038834951456310676
EMEA,0.85,CNN,PRESS,skipgram,0.3753572562718323,0.324876673713883,0.35552596537949405,-0.050480582557949294,-0.01983129089233826,0.06796116504854369,0.02330097087378641,0.05631067961165048,-0.04466019417475728,-0.011650485436893204
EMEA,0.85,LSTM,MED,cbow,0.0,0.36263357462943807,0.3482758620689655,0.36263357462943807,0.3482758620689655,0.0,0.05631067961165048,0.04854368932038835,0.05631067961165048,0.04854368932038835
EMEA,0.85,LSTM,MED,fasttext,0.0,0.35659455687369157,0.34988179669030733,0.35659455687369157,0.34988179669030733,0.0,0.027184466019417475,0.036893203883495145,0.027184466019417475,0.036893203883495145
EMEA,0.85,LSTM,MED,skipgram,0.0,0.3215457528253737,0.36331816590829547,0.3215457528253737,0.36331816590829547,0.0,0.05048543689320388,0.06796116504854369,0.05048543689320388,0.06796116504854369
EMEA,0.85,LSTM,PRESS,cbow,0.0,0.38299070684314274,0.4018718923661889,0.38299070684314274,0.4018718923661889,0.0,0.09320388349514563,0.06990291262135923,0.09320388349514563,0.06990291262135923
EMEA,0.85,LSTM,PRESS,fasttext,0.0,0.32402234636871513,0.33946830265848665,0.32402234636871513,0.33946830265848665,0.0,0.05436893203883495,0.06019417475728155,0.05436893203883495,0.06019417475728155
EMEA,0.85,LSTM,PRESS,skipgram,0.0,0.0,0.0,0.0,0.0,0.0,0.0,0.0,0.0,0.0
EMEA,1.0,CNN,MED,cbow,0.38223074464685197,0.31852409638554213,0.38540949759119064,-0.06370664826130984,0.0031787529443386697,0.06990291262135923,0.040776699029126215,0.06990291262135923,-0.02912621359223301,0.0
EMEA,1.0,CNN,MED,fasttext,0.38223074464685197,0.31690622861054074,0.30261815708942535,-0.06532451603631123,-0.07961258755742662,0.06990291262135923,0.03495145631067961,0.02524271844660194,-0.03495145631067961,-0.044660194174757285
EMEA,1.0,CNN,MED,skipgram,0.38223074464685197,0.29042485732403295,0.37888000000000005,-0.09180588732281902,-0.003350744646851922,0.06990291262135923,0.02330097087378641,0.05631067961165048,-0.04660194174757282,-0.013592233009708743
EMEA,1.0,CNN,PRESS,cbow,0.38223074464685197,0.3776877531941415,0.3970588235294118,-0.0045429914527104764,0.014828078882559825,0.06990291262135923,0.05631067961165048,0.06796116504854369,-0.013592233009708743,-0.0019417475728155387
EMEA,1.0,CNN,PRESS,fasttext,0.38223074464685197,0.2929257020974049,0.3181975736568457,-0.08930504254944704,-0.06403317099000627,0.06990291262135923,0.03495145631067961,0.027184466019417475,-0.03495145631067961,-0.042718446601941754
EMEA,1.0,CNN,PRESS,skipgram,0.38223074464685197,0.32312565997888065,0.3469798657718121,-0.05910508466797132,-0.03525087887503986,0.06990291262135923,0.021359223300970873,0.04854368932038835,-0.048543689320388356,-0.021359223300970877
EMEA,1.0,LSTM,MED,cbow,0.0,0.3511790949649458,0.3570528967254408,0.3511790949649458,0.3570528967254408,0.0,0.038834951456310676,0.04854368932038835,0.038834951456310676,0.04854368932038835
EMEA,1.0,LSTM,MED,fasttext,0.0,0.34390862944162437,0.336518771331058,0.34390862944162437,0.336518771331058,0.0,0.038834951456310676,0.036893203883495145,0.038834951456310676,0.036893203883495145
EMEA,1.0,LSTM,MED,skipgram,0.0,0.32417950435365034,0.3729281767955801,0.32417950435365034,0.3729281767955801,0.0,0.05048543689320388,0.05825242718446602,0.05048543689320388,0.05825242718446602
EMEA,1.0,LSTM,PRESS,cbow,0.0,0.43068340306834035,0.4563905650027428,0.43068340306834035,0.4563905650027428,0.0,0.08932038834951456,0.08932038834951456,0.08932038834951456,0.08932038834951456
EMEA,1.0,LSTM,PRESS,fasttext,0.0,0.339598185353208,0.33945578231292517,0.339598185353208,0.33945578231292517,0.0,0.06990291262135923,0.07184466019417475,0.06990291262135923,0.07184466019417475
EMEA,1.0,LSTM,PRESS,skipgram,0.0,0.36530238240684176,0.3322178278065105,0.36530238240684176,0.3322178278065105,0.0,0.05048543689320388,0.05048543689320388,0.05048543689320388,0.05048543689320388
MEDLINE,0.7,CNN,MED,cbow,0.2828239345673698,0.21758185099252383,0.2703546732099041,-0.06524208357484598,-0.012469261357465733,0.043532338308457715,0.02736318407960199,0.046019900497512436,-0.016169154228855724,0.002487562189054722
MEDLINE,0.7,CNN,MED,fasttext,0.2828239345673698,0.23060686015831133,0.2847640823113698,-0.052217074409058484,0.001940147743999976,0.043532338308457715,0.029850746268656716,0.03731343283582089,-0.013681592039800999,-0.006218905472636822
MEDLINE,0.7,CNN,MED,skipgram,0.2828239345673698,0.21311823392061133,0.2532855436081243,-0.06970570064675849,-0.029538390959245542,0.043532338308457715,0.03980099502487562,0.03855721393034826,-0.0037313432835820934,-0.004975124378109458
MEDLINE,0.7,CNN,PRESS,cbow,0.2828239345673698,0.2124485596707819,0.28526785714285713,-0.0703753748965879,0.0024439225754873117,0.043532338308457715,0.029850746268656716,0.043532338308457715,-0.013681592039800999,0.0
MEDLINE,0.7,CNN,PRESS,fasttext,0.2828239345673698,0.18838566268407891,0.2419524510835262,-0.0944382718832909,-0.04087148348384362,0.043532338308457715,0.014925373134328358,0.03482587064676617,-0.028606965174129355,-0.008706467661691544
MEDLINE,0.7,CNN,PRESS,skipgram,0.2828239345673698,0.24893111638954868,0.2925649808583518,-0.03389281817782114,0.009741046290981992,0.043532338308457715,0.033582089552238806,0.04975124378109453,-0.009950248756218909,0.006218905472636815
MEDLINE,0.7,LSTM,MED,cbow,0.0,0.27124183006535946,0.2637309460440358,0.27124183006535946,0.2637309460440358,0.0,0.048507462686567165,0.0708955223880597,0.048507462686567165,0.0708955223880597
MEDLINE,0.7,LSTM,MED,fasttext,0.0,0.2793455062840882,0.2873001776198934,0.2793455062840882,0.2873001776198934,0.0,0.053482587064676616,0.05721393034825871,0.053482587064676616,0.05721393034825871
MEDLINE,0.7,LSTM,MED,skipgram,0.0,0.24805423047953803,0.2606837606837607,0.24805423047953803,0.2606837606837607,0.0,0.048507462686567165,0.05472636815920398,0.048507462686567165,0.05472636815920398
MEDLINE,0.7,LSTM,PRESS,cbow,0.0,0.2626174350010924,0.23873873873873877,0.2626174350010924,0.23873873873873877,0.0,0.05721393034825871,0.05099502487562189,0.05721393034825871,0.05099502487562189
MEDLINE,0.7,LSTM,PRESS,fasttext,0.0,0.221640903686088,0.26040978189028424,0.221640903686088,0.26040978189028424,0.0,0.04477611940298507,0.05223880597014925,0.04477611940298507,0.05223880597014925
MEDLINE,0.7,LSTM,PRESS,skipgram,0.0,0.23837620958225156,0.27956989247311836,0.23837620958225156,0.27956989247311836,0.0,0.05099502487562189,0.055970149253731345,0.05099502487562189,0.055970149253731345
MEDLINE,0.85,CNN,MED,cbow,0.2934567085261071,0.23035096391497775,0.29425933360096346,-0.06310574461112936,0.0008026250748563446,0.043532338308457715,0.03109452736318408,0.05223880597014925,-0.012437810945273634,0.008706467661691537
MEDLINE,0.85,CNN,MED,fasttext,0.2934567085261071,0.23298559364133134,0.3032244287849669,-0.06047111488477577,0.009767720258859802,0.043532338308457715,0.03233830845771144,0.05970149253731343,-0.011194029850746273,0.016169154228855717
MEDLINE,0.85,CNN,MED,skipgram,0.2934567085261071,0.23453658536585364,0.2759022118742724,-0.05892012316025347,-0.017554496651834728,0.043532338308457715,0.03980099502487562,0.04477611940298507,-0.0037313432835820934,0.0012437810945273575
MEDLINE,0.85,CNN,PRESS,cbow,0.2934567085261071,0.21822541966426856,0.30381355932203385,-0.07523128886183855,0.010356850795926742,0.043532338308457715,0.03731343283582089,0.05472636815920398,-0.006218905472636822,0.011194029850746266
MEDLINE,0.85,CNN,PRESS,fasttext,0.2934567085261071,0.18920308483290493,0.24736472241742793,-0.10425362369320218,-0.04609198610867918,0.043532338308457715,0.022388059701492536,0.036069651741293535,-0.02114427860696518,-0.00746268656716418
MEDLINE,0.85,CNN,PRESS,skipgram,0.2934567085261071,0.25059780009564797,0.30157151382534314,-0.04285890843045914,0.008114805299236028,0.043532338308457715,0.03855721393034826,0.053482587064676616,-0.004975124378109458,0.009950248756218902
MEDLINE,0.85,LSTM,MED,cbow,0.24295355299722113,0.26548247719635143,0.2868871151653364,0.0225289241991303,0.04393356216811525,0.03855721393034826,0.06343283582089553,0.07462686567164178,0.02487562189054727,0.03606965174129353
MEDLINE,0.85,LSTM,MED,fasttext,0.24295355299722113,0.28748510131108457,0.30446194225721784,0.04453154831386344,0.061508389259996715,0.03855721393034826,0.06716417910447761,0.06840796019900497,0.028606965174129355,0.029850746268656712
MEDLINE,0.85,LSTM,MED,skipgram,0.24295355299722113,0.25303788420300216,0.2776361529548088,0.010084331205781033,0.034682599957587684,0.03855721393034826,0.05845771144278607,0.06716417910447761,0.01990049751243781,0.028606965174129355
MEDLINE,0.85,LSTM,PRESS,cbow,0.24295355299722113,0.2716356107660455,0.3030556718292172,0.02868205776882435,0.06010211883199609,0.03855721393034826,0.06218905472636816,0.06716417910447761,0.023631840796019904,0.028606965174129355
MEDLINE,0.85,LSTM,PRESS,fasttext,0.24295355299722113,0.2296747967479675,0.25738210665491407,-0.01327875624925362,0.014428553657692939,0.03855721393034826,0.05099502487562189,0.06218905472636816,0.01243781094527363,0.023631840796019904
MEDLINE,0.85,LSTM,PRESS,skipgram,0.24295355299722113,0.25466120964074573,0.28127993868557194,0.011707656643524605,0.03832638568835081,0.03855721393034826,0.05472636815920398,0.05721393034825871,0.016169154228855724,0.018656716417910453
MEDLINE,1.0,CNN,MED,cbow,0.31161594513501933,0.22124806601340896,0.32052330335241214,-0.09036787912161037,0.008907358217392802,0.05472636815920398,0.028606965174129355,0.06840796019900497,-0.026119402985074626,0.013681592039800988
MEDLINE,1.0,CNN,MED,fasttext,0.31161594513501933,0.2525711552260225,0.321900826446281,-0.05904478990899681,0.010284881311261651,0.05472636815920398,0.033582089552238806,0.06965174129353234,-0.021144278606965175,0.01492537313432836
MEDLINE,1.0,CNN,MED,skipgram,0.31161594513501933,0.2381763953983809,0.30072051573758063,-0.07343954973663844,-0.010895429397438705,0.05472636815920398,0.04228855721393035,0.048507462686567165,-0.01243781094527363,-0.006218905472636815
MEDLINE,1.0,CNN,PRESS,cbow,0.31161594513501933,0.22413381123058543,0.3244282966445822,-0.0874821339044339,0.012812351509562891,0.05472636815920398,0.03109452736318408,0.060945273631840796,-0.0236318407960199,0.006218905472636815
MEDLINE,1.0,CNN,PRESS,fasttext,0.31161594513501933,0.1961674230963187,0.3105209397344229,-0.11544852203870062,-0.0010950054005964271,0.05472636815920398,0.017412935323383085,0.05721393034825871,-0.03731343283582089,0.002487562189054729
MEDLINE,1.0,CNN,PRESS,skipgram,0.31161594513501933,0.2648845686512758,0.32011447260834014,-0.046731376483743536,0.008498527473320805,0.05472636815920398,0.03731343283582089,0.06467661691542288,-0.01741293532338309,0.009950248756218902
MEDLINE,1.0,LSTM,MED,cbow,0.2526958290946083,0.2895562528014343,0.3085963003264418,0.03686042370682602,0.055900471231833504,0.05223880597014925,0.06840796019900497,0.07960199004975124,0.016169154228855717,0.02736318407960199
MEDLINE,1.0,LSTM,MED,fasttext,0.2526958290946083,0.29561958304052466,0.3260115606936416,0.042923753945916354,0.07331573159903332,0.05223880597014925,0.07213930348258707,0.09328358208955224,0.019900497512437818,0.04104477611940299
MEDLINE,1.0,LSTM,MED,skipgram,0.2526958290946083,0.27627080009117844,0.3184713375796178,0.023574970996570133,0.06577550848500952,0.05223880597014925,0.07462686567164178,0.07960199004975124,0.022388059701492533,0.02736318407960199
MEDLINE,1.0,LSTM,PRESS,cbow,0.2526958290946083,0.27247579529737204,0.31123018530922086,0.019779966202763732,0.05853435621461256,0.05223880597014925,0.060945273631840796,0.07213930348258707,0.008706467661691544,0.019900497512437818
MEDLINE,1.0,LSTM,PRESS,fasttext,0.2526958290946083,0.24233716475095787,0.2806264750053636,-0.010358664343650431,0.02793064591075528,0.05223880597014925,0.05099502487562189,0.07587064676616916,-0.0012437810945273645,0.023631840796019904
MEDLINE,1.0,LSTM,PRESS,skipgram,0.2526958290946083,0.257439446366782,0.2960818374831114,0.004743617272173706,0.043386008388503094,0.05223880597014925,0.06716417910447761,0.06716417910447761,0.01492537313432836,0.01492537313432836
MEDLINE + EMEA,0.7,CNN,MED,cbow,0.3500067051092933,0.28992038455760855,0.34071372753321183,-0.06008632055168478,-0.009292977576081496,0.047763457164518575,0.032600454890068235,0.05155420773313116,-0.01516300227445034,0.003790750568612583
MEDLINE + EMEA,0.7,CNN,MED,fasttext,0.3500067051092933,0.26722519139101547,0.29685324422166526,-0.08278151371827785,-0.05315346088762807,0.047763457164518575,0.025018953752843062,0.03411675511751327,-0.022744503411675512,-0.013646702047005306
MEDLINE + EMEA,0.7,CNN,MED,skipgram,0.3500067051092933,0.2679119754350051,0.3295028142589118,-0.08209472967428821,-0.020503890850381512,0.047763457164518575,0.027293404094010616,0.047763457164518575,-0.02047005307050796,0.0
MEDLINE + EMEA,0.7,CNN,PRESS,cbow,0.3500067051092933,0.280982611095777,0.30773298083278255,-0.06902409401351633,-0.04227372427651077,0.047763457164518575,0.03790750568612585,0.04700530705079606,-0.009855951478392723,-0.0007581501137225166
MEDLINE + EMEA,0.7,CNN,PRESS,fasttext,0.3500067051092933,0.2171249018067557,0.2655751352851395,-0.13288180330253763,-0.08443156982415384,0.047763457164518575,0.02122820318423048,0.02350265352539803,-0.026535253980288095,-0.024260803639120546
MEDLINE + EMEA,0.7,CNN,PRESS,skipgram,0.3500067051092933,0.2908829863603733,0.3326672152345127,-0.05912371874892003,-0.017339489874780623,0.047763457164518575,0.04397270659590599,0.05686125852918878,-0.003790750568612583,0.009097801364670206
MEDLINE + EMEA,0.7,LSTM,MED,cbow,0.25564880568108456,0.31503249896279906,0.3418687006265323,0.0593836932817145,0.08621989494544774,0.03411675511751327,0.056103108415466264,0.06823351023502654,0.021986353297952996,0.03411675511751327
MEDLINE + EMEA,0.7,LSTM,MED,fasttext,0.25564880568108456,0.32672502574665296,0.3433194286436608,0.07107622006556841,0.08767062296257622,0.03411675511751327,0.06444275966641395,0.07657316148597422,0.030326004548900685,0.04245640636846095
MEDLINE + EMEA,0.7,LSTM,MED,skipgram,0.25564880568108456,0.2875548245614035,0.33457249070631967,0.031906018880318965,0.07892368502523511,0.03411675511751327,0.05079605761940864,0.05913570887035633,0.016679302501895373,0.025018953752843062
MEDLINE + EMEA,0.7,LSTM,PRESS,cbow,0.25564880568108456,0.33733170134638923,0.3471680264869339,0.08168289566530468,0.09151922080584934,0.03411675511751327,0.0712661106899166,0.07733131159969674,0.037149355572403335,0.04321455648218347
MEDLINE + EMEA,0.7,LSTM,PRESS,fasttext,0.25564880568108456,0.26850724049262414,0.30622992935131665,0.012858434811539587,0.0505811236702321,0.03411675511751327,0.04169825625473844,0.05534495830174375,0.007581501137225173,0.02122820318423048
MEDLINE + EMEA,0.7,LSTM,PRESS,skipgram,0.25564880568108456,0.2988628762541806,0.2998004460617443,0.043214070573096064,0.04415164038065972,0.03411675511751327,0.04852160727824109,0.05079605761940864,0.014404852160727823,0.016679302501895373
MEDLINE + EMEA,0.85,CNN,MED,cbow,0.3541893362350381,0.2850167836435764,0.34061595156620167,-0.06917255259146171,-0.013573384668836452,0.05307050796057619,0.03184230477634572,0.047763457164518575,-0.021228203184230472,-0.005307050796057616
MEDLINE + EMEA,0.85,CNN,MED,fasttext,0.3541893362350381,0.2735890331048563,0.3400104058272633,-0.0806003031301818,-0.014178930407774848,0.05307050796057619,0.026535253980288095,0.05307050796057619,-0.026535253980288095,0.0
MEDLINE + EMEA,0.85,CNN,MED,skipgram,0.3541893362350381,0.26984529546030944,0.3564099540040099,-0.08434404077472868,0.0022206177689717554,0.05307050796057619,0.025018953752843062,0.053828658074298714,-0.02805155420773313,0.0007581501137225236
MEDLINE + EMEA,0.85,CNN,PRESS,cbow,0.3541893362350381,0.2792281498297389,0.3511782786885246,-0.0749611864052992,-0.0030110575465135403,0.05307050796057619,0.03866565579984837,0.05913570887035633,-0.014404852160727823,0.00606520090978014
MEDLINE + EMEA,0.85,CNN,PRESS,fasttext,0.3541893362350381,0.23345443057968726,0.32790525536639525,-0.12073490565535086,-0.026284080868642867,0.05307050796057619,0.02577710386656558,0.04624715693707354,-0.027293404094010612,-0.0068233510235026495
MEDLINE + EMEA,0.85,CNN,PRESS,skipgram,0.3541893362350381,0.3272068340667875,0.34515473232437316,-0.0269825021682506,-0.009034603910664962,0.05307050796057619,0.04700530705079606,0.056103108415466264,-0.006065200909780133,0.0030326004548900734
MEDLINE + EMEA,0.85,LSTM,MED,cbow,0.28633964207544743,0.33111322549952427,0.348630831643002,0.044773583424076835,0.062291189567554583,0.043214556482183475,0.056103108415466264,0.06974981046247157,0.01288855193328279,0.026535253980288095
MEDLINE + EMEA,0.85,LSTM,MED,fasttext,0.28633964207544743,0.3360426382411726,0.3534000780132623,0.049702996165725155,0.06706043593781486,0.043214556482183475,0.05989385898407885,0.06141015921152388,0.016679302501895373,0.018195602729340406
MEDLINE + EMEA,0.85,LSTM,MED,skipgram,0.28633964207544743,0.30333423692057465,0.3438101347017319,0.01699459484512722,0.05747049262628445,0.043214556482183475,0.060652009097801364,0.06444275966641395,0.01743745261561789,0.02122820318423048
MEDLINE + EMEA,0.85,LSTM,PRESS,cbow,0.28633964207544743,0.3374179972768907,0.36372418790001204,0.05107835520144327,0.07738454582456461,0.043214556482183475,0.06747536012130402,0.07960576194086429,0.024260803639120546,0.03639120545868081
MEDLINE + EMEA,0.85,LSTM,PRESS,fasttext,0.28633964207544743,0.2995501455411485,0.33525303271657886,0.013210503465701073,0.04891339064113143,0.043214556482183475,0.04624715693707354,0.06899166034874905,0.0030326004548900665,0.02577710386656558
MEDLINE + EMEA,0.85,LSTM,PRESS,skipgram,0.28633964207544743,0.31042743664102884,0.3195516811955168,0.02408779456558141,0.03321203912006937,0.043214556482183475,0.0621683093252464,0.05534495830174375,0.018953752843062922,0.012130401819560273
MEDLINE + EMEA,1.0,CNN,MED,cbow,0.37370423828893845,0.3065319052647458,0.38007622552240766,-0.06717233302419268,0.006371987233469212,0.060652009097801364,0.0401819560272934,0.053828658074298714,-0.020470053070507963,-0.0068233510235026495
MEDLINE + EMEA,1.0,CNN,MED,fasttext,0.37370423828893845,0.28345987792169125,0.3786838918046023,-0.0902443603672472,0.004979653515663873,0.060652009097801364,0.02880970432145565,0.06520090978013647,-0.03184230477634571,0.004548900682335107
MEDLINE + EMEA,1.0,CNN,MED,skipgram,0.37370423828893845,0.2898808014202384,0.35771601348994064,-0.08382343686870003,-0.015988224798997808,0.060652009097801364,0.04169825625473844,0.0576194086429113,-0.018953752843062922,-0.0030326004548900665
MEDLINE + EMEA,1.0,CNN,PRESS,cbow,0.37370423828893845,0.2992061319463455,0.3642518618821937,-0.07449810634259296,-0.009452376406744734,0.060652009097801364,0.04169825625473844,0.05307050796057619,-0.018953752843062922,-0.007581501137225173
MEDLINE + EMEA,1.0,CNN,PRESS,fasttext,0.37370423828893845,0.2133938706015891,0.369968220338983,-0.16031036768734935,-0.003736017949955428,0.060652009097801364,0.02047005307050796,0.05989385898407885,-0.04018195602729341,-0.0007581501137225166
MEDLINE + EMEA,1.0,CNN,PRESS,skipgram,0.37370423828893845,0.33124913158260383,0.3619791666666667,-0.04245510670633462,-0.011725071622271765,0.060652009097801364,0.043214556482183475,0.06747536012130402,-0.01743745261561789,0.0068233510235026565
MEDLINE + EMEA,1.0,LSTM,MED,cbow,0.30657482780212897,0.34335805799055963,0.3683364254792826,0.03678323018843066,0.06176159767715361,0.04094010614101592,0.0621683093252464,0.06974981046247157,0.02122820318423048,0.028809704321455652
MEDLINE + EMEA,1.0,LSTM,MED,fasttext,0.30657482780212897,0.3359152058703628,0.360680340170085,0.029340378068233808,0.05410551236795602,0.04094010614101592,0.056103108415466264,0.08188021228203184,0.015163002274450346,0.04094010614101592
MEDLINE + EMEA,1.0,LSTM,MED,skipgram,0.30657482780212897,0.3134126554894537,0.35034293552812074,0.006837827687324716,0.04376810772599177,0.04094010614101592,0.06823351023502654,0.06595905989385899,0.02729340409401062,0.02501895375284307
MEDLINE + EMEA,1.0,LSTM,PRESS,cbow,0.30657482780212897,0.35774031656157507,0.3682328907048008,0.0511654887594461,0.06165806290267184,0.04094010614101592,0.07505686125852919,0.07050796057619409,0.03411675511751327,0.02956785443517817
MEDLINE + EMEA,1.0,LSTM,PRESS,fasttext,0.30657482780212897,0.3153389479497446,0.3536184210526316,0.008764120147615628,0.04704359325050261,0.04094010614101592,0.047763457164518575,0.0667172100075815,0.0068233510235026565,0.025777103866565586
MEDLINE + EMEA,1.0,LSTM,PRESS,skipgram,0.30657482780212897,0.3157068062827225,0.33817352694107766,0.00913197848059355,0.031598699138948694,0.04094010614101592,0.05989385898407885,0.06747536012130402,0.01895375284306293,0.026535253980288102
