embeddings,mode,precision,recall,f1,epochs
random,fine-tuned,0.3769633507853403,0.15806805708013172,0.22273781902552203,12
med_w2v_cbow,fine-tuned,0.3407928388746803,0.29253567508232714,0.31482575310100414,17
med_w2v_cbow,frozen,0.4521819870009285,0.2672886937431394,0.33597792342186966,27
med_w2v_skipgram,fine-tuned,0.3377593360995851,0.2233809001097695,0.26891311529567224,13
med_w2v_skipgram,frozen,0.4330958036421219,0.30021953896816683,0.35461912479740676,27
med_ft_cbow,fine-tuned,0.3619702176403207,0.3468715697036224,0.3542600896860986,16
med_ft_cbow,frozen,0.33671875,0.23655323819978047,0.2778852353320438,29
press_w2v_cbow,fine-tuned,0.4140939597315436,0.3386388583973655,0.3725845410628019,17
press_w2v_cbow,frozen,0.45185185185185184,0.33479692645444564,0.38461538461538464,17
press_w2v_skipgram,fine-tuned,0.32209737827715357,0.18880351262349068,0.2380622837370242,13
press_w2v_skipgram,frozen,0.4518156424581006,0.35510428100987923,0.3976644130301168,27
press_ft_cbow,fine-tuned,0.44566712517193946,0.3556531284302964,0.3956043956043956,14
press_ft_cbow,frozen,0.4883556810162315,0.37980241492864986,0.4272923741895647,19
